;Movie name;Rating;IMDb name;genre;IMDb rating count;IMDb rating;metascore;year;Action;Adventure;Animation;Biography;Comedy;Crime;Drama;Family;Fantasy;History;Horror;Music;Musical;Mystery;PG;R;Romance;Sport;Thriller;War;Western
0;Spirited away ;10.0;Spirited Away ;Animation,Adventure,Family,Fantasy,Mystery;531713;8.6;96.0;2001.0;0;1;1;0;0;0;0;1;1;0;0;0;0;1;0;0;0;0;0;0;0
1;Bajrangi bhaijaan ;9.8;Bajrangi Bhaijaan ;Action,Comedy,Drama;60590;8.0;;2015.0;1;0;0;0;1;0;1;0;0;0;0;0;0;0;0;0;0;0;0;0;0
2;Princess mononoke ;9.5;Princess Mononoke ;Animation,Adventure,Fantasy;281780;8.4;76.0;1997.0;0;1;1;0;0;0;0;0;1;0;0;0;0;0;0;0;0;0;0;0;0
3;V for vendetta ;9.5;V for Vendetta ;Action,Drama,Thriller;927116;8.2;62.0;2005.0;1;0;0;0;0;0;1;0;0;0;0;0;0;0;0;0;0;0;1;0;0
4;Sicario ;9.5;Sicario ;Action,Crime,Drama,Mystery,Thriller;312191;7.6;82.0;2015.0;1;0;0;0;0;1;1;0;0;0;0;0;0;1;0;0;0;0;1;0;0
5;Shutter island ;9.5;Shutter Island ;Mystery,Thriller;966063;8.1;63.0;2010.0;0;0;0;0;0;0;0;0;0;0;0;0;0;1;0;0;0;0;1;0;0
6;The usual suspects ;9.4;The Usual Suspects ;Crime,Mystery,Thriller;876372;8.6;77.0;1995.0;0;0;0;0;0;1;0;0;0;0;0;0;0;1;0;0;0;0;1;0;0
7;Memento ;9.4;Memento ;Mystery,Thriller;1000821;8.5;80.0;2000.0;0;0;0;0;0;0;0;0;0;0;0;0;0;1;0;0;0;0;1;0;0
8;Arrival ;9.4;Arrival ;Drama,Mystery,Thriller;480539;7.9;81.0;2016.0;0;0;0;0;0;0;1;0;0;0;0;0;0;1;0;0;0;0;1;0;0
9;Ghost in the shell ;9.3;Ghost in the Shell ;Action,Drama,Thriller;164550;6.4;52.0;2017.0;1;0;0;0;0;0;1;0;0;0;0;0;0;0;0;0;0;0;1;0;0
10;Your name (kimi no na wa) ;9.3;Kimi no na wa. ;Animation,Drama,Fantasy,Romance;114041;8.4;79.0;2016.0;0;0;1;0;0;0;1;0;1;0;0;0;0;0;0;0;1;0;0;0;0
11;Wolf children ;9.3;Ookami kodomo no Ame to Yuki ;Animation,Drama,Family,Fantasy;29123;8.2;71.0;2012.0;0;0;1;0;0;0;1;1;1;0;0;0;0;0;0;0;0;0;0;0;0
12;Mulan;9.3;Mulan ;Animation,Adventure,Family,Fantasy,Musical,War;212425;7.6;71.0;1998.0;0;1;1;0;0;0;0;1;1;0;0;0;1;0;0;0;0;0;0;1;0
13;Tamasha ;9.0;Tamasha ;Comedy,Drama,Romance;18846;7.2;;2015.0;0;0;0;0;1;0;1;0;0;0;0;0;0;0;0;0;1;0;0;0;0
14;Birdman ;9.0;Birdman or ;Comedy,Drama;497314;7.7;88.0;;0;0;0;0;1;0;1;0;0;0;0;0;0;0;0;0;0;0;0;0;0
15;Donnie darko ;9.0;Donnie Darko ;Drama,Thriller;680492;8.1;88.0;2001.0;0;0;0;0;0;0;1;0;0;0;0;0;0;0;0;0;0;0;1;0;0
16;John Wick 2 ;9.0;John Wick: Chapter 2 ;Action,Crime,Thriller;249716;7.5;75.0;2017.0;1;0;0;0;0;1;0;0;0;0;0;0;0;0;0;0;0;0;1;0;0
17;Blade runner 2049 ;9.0;Blade Runner 2049 ;Drama,Mystery,Thriller;345404;8.0;81.0;2017.0;0;0;0;0;0;0;1;0;0;0;0;0;0;1;0;0;0;0;1;0;0
18;The Godfather ;9.0;The Godfather ;Crime,Drama;1384307;9.2;100.0;1972.0;0;0;0;0;0;1;1;0;0;0;0;0;0;0;0;0;0;0;0;0;0
19;The hateful eight ;8.9;The Hateful Eight ;Crime,Drama,Mystery,Thriller,Western;410300;7.8;68.0;2015.0;0;0;0;0;0;1;1;0;0;0;0;0;0;1;0;0;0;0;1;0;1
20;Deadpool ;8.8;Deadpool ;Action,Adventure,Comedy;777090;8.0;65.0;2016.0;1;1;0;0;1;0;0;0;0;0;0;0;0;0;0;0;0;0;0;0;0
21;Summer wars;8.8;Samâ uôzu ;Animation,Action,Comedy,Drama,Family,Romance,Thriller;21588;7.5;63.0;2009.0;1;0;1;0;1;0;1;1;0;0;0;0;0;0;0;0;1;0;1;0;0
22;Baby driver ;8.8;Baby Driver ;Action,Crime,Drama,Music,Thriller;334348;7.6;86.0;2017.0;1;0;0;0;0;1;1;0;0;0;0;1;0;0;0;0;0;0;1;0;0
23;Dunkirk ;8.8;Dunkirk ;Action,Drama,History,Thriller,War;430341;7.9;94.0;2017.0;1;0;0;0;0;0;1;0;0;1;0;0;0;0;0;0;0;0;1;1;0
24;Coco;8.8;Coco ;Animation,Adventure,Comedy,Family,Fantasy,Music,Mystery;237001;8.4;81.0;2017.0;0;1;1;0;1;0;0;1;1;0;0;1;0;1;0;0;0;0;0;0;0
25;Oh my god ;8.7;OMG: Oh My God! ;Comedy,Drama,Fantasy;41629;8.2;;2012.0;0;0;0;0;1;0;1;0;1;0;0;0;0;0;0;0;0;0;0;0;0
26;Reservoir dogs ;8.7;Reservoir Dogs ;Crime,Drama,Thriller;794217;8.3;79.0;1992.0;0;0;0;0;0;1;1;0;0;0;0;0;0;0;0;0;0;0;1;0;0
27;Contact ;8.7;Contact ;Drama,Mystery,Thriller;229864;7.4;62.0;1997.0;0;0;0;0;0;0;1;0;0;0;0;0;0;1;0;0;0;0;1;0;0
28;Finding dory ;8.7;Finding Dory ;Animation,Adventure,Comedy,Family;202363;7.3;77.0;2016.0;0;1;1;0;1;0;0;1;0;0;0;0;0;0;0;0;0;0;0;0;0
29;Captain fantastic ;8.7;Captain Fantastic ;Comedy,Drama;149073;7.9;72.0;2016.0;0;0;0;0;1;0;1;0;0;0;0;0;0;0;0;0;0;0;0;0;0
30;Oldboy ;8.7;Oldboy ;Action,Drama,Mystery,Thriller;60804;5.8;49.0;2013.0;1;0;0;0;0;0;1;0;0;0;0;0;0;1;0;0;0;0;1;0;0
31;Mad max: fury road ;8.6;Mad Max: Fury Road ;Action,Adventure,Thriller;746156;8.1;90.0;2015.0;1;1;0;0;0;0;0;0;0;0;0;0;0;0;0;0;0;0;1;0;0
32;Gone girl ;8.6;Gone Girl ;Crime,Drama,Mystery,Thriller;728924;8.1;79.0;2014.0;0;0;0;0;0;1;1;0;0;0;0;0;0;1;0;0;0;0;1;0;0
33;Hitman's bodyguard;8.6;The Hitman's Bodyguard ;Action,Comedy,Thriller;149565;6.9;47.0;2017.0;1;0;0;0;1;0;0;0;0;0;0;0;0;0;0;0;0;0;1;0;0
34;Jaane tu ya jaane na ;8.6;Jaane Tu... Ya Jaane Na ;Comedy,Drama,Romance;22457;7.5;;2008.0;0;0;0;0;1;0;1;0;0;0;0;0;0;0;0;0;1;0;0;0;0
35;Thor Ragnarok;8.6;Thor: Ragnarok ;Action,Adventure,Comedy,Fantasy;405610;7.9;74.0;2017.0;1;1;0;0;1;0;0;0;1;0;0;0;0;0;0;0;0;0;0;0;0
36;Vele hemels boven de zevende;8.6;Vele Hemels ;Drama,actor,Person,url,name,Person,url,name,Person,url,name,Person,url,name;406;7.0;;2017.0;0;0;0;0;0;0;1;0;0;0;0;0;0;0;0;0;0;0;0;0;0
37;Howl’s moving castle;8.6;Howl's Moving Castle ;Animation,Adventure,Family,Fantasy;270842;8.2;80.0;2004.0;0;1;1;0;0;0;0;1;1;0;0;0;0;0;0;0;0;0;0;0;0
38;Big hero 6 ;8.5;Big Hero 6 ;Animation,Action,Adventure,Comedy,Drama,Family;351297;7.8;74.0;2014.0;1;1;1;0;1;0;1;1;0;0;0;0;0;0;0;0;0;0;0;0;0
39;The martian ;8.5;The Martian ;Adventure,Drama;645185;8.0;80.0;2015.0;0;1;0;0;0;0;1;0;0;0;0;0;0;0;0;0;0;0;0;0;0
40;Full metal jacket ;8.5;Full Metal Jacket ;Drama,War;587193;8.3;76.0;1987.0;0;0;0;0;0;0;1;0;0;0;0;0;0;0;0;0;0;0;0;1;0
41;Star wars: the force awakens ;8.5;Star Wars: Episode VII - The Force Awakens ;Action,Adventure,Fantasy;760597;8.0;81.0;2015.0;1;1;0;0;0;0;0;0;1;0;0;0;0;0;0;0;0;0;0;0;0
42;To the forest of the firefly lights ;8.5;Hotarubi no mori e ;Animation,Drama,Fantasy;9092;7.9;;2011.0;0;0;1;0;0;0;1;0;1;0;0;0;0;0;0;0;0;0;0;0;0
43;Black panther;8.5;Black Panther ;Action,Adventure;417474;7.4;88.0;2018.0;1;1;0;0;0;0;0;0;0;0;0;0;0;0;0;0;0;0;0;0;0
44;El labirinto del fauno ;8.4;Pan's Labyrinth ;Drama,Fantasy,War;554663;8.2;98.0;2006.0;0;0;0;0;0;0;1;0;1;0;0;0;0;0;0;0;0;0;0;1;0
45;Paprika ;8.4;Paprika ;Animation,Adventure,Crime,Mystery,Thriller;58182;7.7;81.0;2006.0;0;1;1;0;0;1;0;0;0;0;0;0;0;1;0;0;0;0;1;0;0
46;Children of men ;8.4;Children of Men ;Drama,Thriller;415749;7.9;84.0;2006.0;0;0;0;0;0;0;1;0;0;0;0;0;0;0;0;0;0;0;1;0;0
47;Barfi ;8.3;Barfi! ;Comedy,Drama,Romance;66627;8.1;;2012.0;0;0;0;0;1;0;1;0;0;0;0;0;0;0;0;0;1;0;0;0;0
48;The departed ;8.3;The Departed ;Crime,Drama,Thriller;1038187;8.5;85.0;2006.0;0;0;0;0;0;1;1;0;0;0;0;0;0;0;0;0;0;0;1;0;0
49;Still alice ;8.3;Still Alice ;Drama,contentRating,actor,Person,url,name,Person,url,name,Person,url,name,Person,url,name;112927;7.5;72.0;2014.0;0;0;0;0;0;0;1;0;0;0;0;0;0;0;0;0;0;0;0;0;0
50;Zootopia ;8.3;Zootropolis ;Animation,Adventure,Comedy,Crime,Family,Mystery;361091;8.0;78.0;2016.0;0;1;1;0;1;1;0;1;0;0;0;0;0;1;0;0;0;0;0;0;0
51;Whisper of the heart ;8.3;Mimi wo sumaseba ;Animation,Drama,Family,Music,Romance;38651;8.0;;1995.0;0;0;1;0;0;0;1;1;0;0;0;1;0;0;0;0;1;0;0;0;0
52;Rang de basanti ;8.2;Rang De Basanti ;Comedy,Drama;96951;8.2;;2006.0;0;0;0;0;1;0;1;0;0;0;0;0;0;0;0;0;0;0;0;0;0
53;The road to el dorado ;8.2;The Road to El Dorado ;Animation,Adventure,Comedy,Family,Romance;72322;6.9;51.0;2000.0;0;1;1;0;1;0;0;1;0;0;0;0;0;0;0;0;1;0;0;0;0
54;Mission impossible: rogue nation ;8.2;Mission: Impossible - Rogue Nation ;Action,Adventure,Thriller;298013;7.4;75.0;2015.0;1;1;0;0;0;0;0;0;0;0;0;0;0;0;0;0;0;0;1;0;0
55;The wolf of wall street ;8.2;The Wolf of Wall Street ;Biography,Comedy,Crime,Drama;988828;8.2;75.0;2013.0;0;0;0;1;1;1;1;0;0;0;0;0;0;0;0;0;0;0;0;0;0
56;Patame inverted ;8.2;Sakasama no Patema ;Animation,Adventure,Drama,Fantasy,Romance;5921;7.4;66.0;2013.0;0;1;1;0;0;0;1;0;1;0;0;0;0;0;0;0;1;0;0;0;0
57;Spiderman homecoming ;8.2;Spider-Man Homecoming ;Action,Adventure;371399;7.5;73.0;2017.0;1;1;0;0;0;0;0;0;0;0;0;0;0;0;0;0;0;0;0;0;0
58;Primer ;8.2;Primer ;Drama,Thriller;87327;6.9;68.0;2004.0;0;0;0;0;0;0;1;0;0;0;0;0;0;0;0;0;0;0;1;0;0
59;Youth;8.2;Youth ;Comedy,Drama,Music,Romance;61922;7.3;64.0;2015.0;0;0;0;0;1;0;1;0;0;0;0;1;0;0;0;0;1;0;0;0;0
60;Doctor Strange ;8.1;Doctor Strange ;Action,Adventure,Fantasy;460879;7.5;72.0;2016.0;1;1;0;0;0;0;0;0;1;0;0;0;0;0;0;0;0;0;0;0;0
61;The emperor's new groove ;8.1;The Emperor's New Groove ;Animation,Adventure,Comedy,Family,Fantasy;154042;7.3;70.0;2000.0;0;1;1;0;1;0;0;1;1;0;0;0;0;0;0;0;0;0;0;0;0
62;The incredibles ;8.0;The Incredibles ;Animation,Action,Adventure,Family;574668;8.0;90.0;2004.0;1;1;1;0;0;0;0;1;0;0;0;0;0;0;0;0;0;0;0;0;0
63;Jurassic world ;8.0;Jurassic World ;Action,Adventure;520038;7.0;59.0;2015.0;1;1;0;0;0;0;0;0;0;0;0;0;0;0;0;0;0;0;0;0;0
64;The revenant ;8.0;The Revenant ;Action,Adventure,Biography,Drama,Western;585074;8.0;76.0;2015.0;1;1;0;1;0;0;1;0;0;0;0;0;0;0;0;0;0;0;0;0;1
65;Pk ;8.0;PK ;Comedy,Drama,Fantasy;130300;8.2;;2014.0;0;0;0;0;1;0;1;0;1;0;0;0;0;0;0;0;0;0;0;0;0
66;Everest ;7.9;Everest ;Action,Adventure,Biography,Drama,Thriller;175538;7.1;64.0;2015.0;1;1;0;1;0;0;1;0;0;0;0;0;0;0;0;0;0;0;1;0;0
67;Call me by your name;7.9;Call Me by Your Name ;Drama,Romance;132864;7.9;93.0;2017.0;0;0;0;0;0;0;1;0;0;0;0;0;0;0;0;0;1;0;0;0;0
68;22 jump street ;7.8;22 Jump Street ;Action,Comedy,Crime;309563;7.0;71.0;2014.0;1;0;0;0;1;1;0;0;0;0;0;0;0;0;0;0;0;0;0;0;0
69;Man from UNCLE ;7.8;The Man from U.N.C.L.E. ;Action,Adventure,Comedy;232465;7.3;56.0;2015.0;1;1;0;0;1;0;0;0;0;0;0;0;0;0;0;0;0;0;0;0;0
70;Beast of no nation ;7.8;Beasts of No Nation ;Drama,War;60299;7.8;79.0;2015.0;0;0;0;0;0;0;1;0;0;0;0;0;0;0;0;0;0;0;0;1;0
71;Age of Ultron ;7.8;Avengers: Age of Ultron ;Action,Adventure;613936;7.4;66.0;2015.0;1;1;0;0;0;0;0;0;0;0;0;0;0;0;0;0;0;0;0;0;0
72;Wonder woman ;7.8;Wonder Woman ;Action,Adventure,Fantasy,War;448346;7.5;76.0;2017.0;1;1;0;0;0;0;0;0;1;0;0;0;0;0;0;0;0;0;0;1;0
73;Inferno ;7.8;Inferno ;Action,Adventure,Crime,Drama,Mystery,Thriller;131426;6.2;42.0;2016.0;1;1;0;0;0;1;1;0;0;0;0;0;0;1;0;0;0;0;1;0;0
74;Star Wars: The Last Jedi;7.8;Star Wars: Episode VIII - The Last Jedi ;Action,Adventure,Fantasy;428002;7.2;85.0;2017.0;1;1;0;0;0;0;0;0;1;0;0;0;0;0;0;0;0;0;0;0;0
75;The imitation game ;7.7;The Imitation Game ;Biography,Drama,Thriller,War;593799;8.0;73.0;2014.0;0;0;0;1;0;0;1;0;0;0;0;0;0;0;0;0;0;0;1;1;0
76;About time ;7.7;About Time ;Comedy,Drama,Fantasy,Romance;249910;7.8;55.0;2013.0;0;0;0;0;1;0;1;0;1;0;0;0;0;0;0;0;1;0;0;0;0
77;Atomic blonde ;7.7;Atomic Blonde ;Action,Mystery,Thriller;138953;6.7;63.0;2017.0;1;0;0;0;0;0;0;0;0;0;0;0;0;1;0;0;0;0;1;0;0
78;Lilo and Stitch;7.7;"Lilo &amp; Stitch ";Animation,Adventure,Comedy,Drama,Family,Fantasy;143849;7.2;73.0;2002.0;0;1;1;0;1;0;1;1;1;0;0;0;0;0;0;0;0;0;0;0;0
79;International man of mystery ;7.6;Austin Powers: International Man of Mystery ;Adventure,Comedy;201947;7.0;51.0;1997.0;0;1;0;0;1;0;0;0;0;0;0;0;0;0;0;0;0;0;0;0;0
80;Dil chahta hai ;7.6;Dil Chahta Hai ;Comedy,Drama,Romance;59142;8.2;;2001.0;0;0;0;0;1;0;1;0;0;0;0;0;0;0;0;0;1;0;0;0;0
81;Treasure planet;7.6;Treasure Planet ;Animation,Adventure,Family;86787;7.1;60.0;2002.0;0;1;1;0;0;0;0;1;0;0;0;0;0;0;0;0;0;0;0;0;0
82;Mr. Right ;7.5;Mr. Right ;Action,Comedy,Romance;38855;6.3;52.0;2015.0;1;0;0;0;1;0;0;0;0;0;0;0;0;0;0;0;1;0;0;0;0
83;Chak de! India ;7.4;Chak De! India ;Drama,Family,Sport;64000;8.2;68.0;2007.0;0;0;0;0;0;0;1;1;0;0;0;0;0;0;0;0;0;1;0;0;0
84;A million ways to die in the west ;7.4;A Million Ways to Die in the West ;Action,Comedy,Western;156544;6.1;44.0;2014.0;1;0;0;0;1;0;0;0;0;0;0;0;0;0;0;0;0;0;0;0;1
85;In Brugge ;7.4;In Bruges ;Comedy,Crime,Drama,Thriller;352700;7.9;67.0;2008.0;0;0;0;0;1;1;1;0;0;0;0;0;0;0;0;0;0;0;1;0;0
86;Kingsman: the golden circle ;7.4;Kingsman: The Golden Circle ;Action,Adventure,Comedy;210234;6.8;44.0;2017.0;1;1;0;0;1;0;0;0;0;0;0;0;0;0;0;0;0;0;0;0;0
87;Run fatboy run;7.4;Run Fatboy Run ;Comedy,Romance,Sport;62743;6.6;48.0;2007.0;0;0;0;0;1;0;0;0;0;0;0;0;0;0;0;0;1;1;0;0;0
88;Dunston checks in ;7.3;Dunston Checks In ;Comedy,Adventure,Family;10821;5.3;54.0;1996.0;0;1;0;0;1;0;0;1;0;0;0;0;0;0;0;0;0;0;0;0;0
89;Kingsmen ;7.3;Kingsman: The Secret Service ;Action,Adventure,Comedy,Thriller;524790;7.7;60.0;2014.0;1;1;0;0;1;0;0;0;0;0;0;0;0;0;0;0;0;0;1;0;0
90;Spy ;7.3;Spy ;Action,Comedy,Crime;208407;7.0;75.0;2015.0;1;0;0;0;1;1;0;0;0;0;0;0;0;0;0;0;0;0;0;0;0
91;Suicide squad ;7.3;Suicide Squad ;Action,Adventure,Fantasy;503358;6.1;40.0;2016.0;1;1;0;0;0;0;0;0;1;0;0;0;0;0;0;0;0;0;0;0;0
92;Fantastic beasts and where to find them ;7.3;Fantastic Beasts and Where to Find Them ;Adventure,Family,Fantasy;332631;7.3;66.0;2016.0;0;1;0;0;0;0;0;1;1;0;0;0;0;0;0;0;0;0;0;0;0
93;Captain America: Civil War ;7.2;Captain America: Civil War ;Action,Adventure;532973;7.8;75.0;2016.0;1;1;0;0;0;0;0;0;0;0;0;0;0;0;0;0;0;0;0;0;0
94;X-men: apocalypse ;7.2;X-Men: Apocalypse ;Action,Adventure;335418;7.0;52.0;2016.0;1;1;0;0;0;0;0;0;0;0;0;0;0;0;0;0;0;0;0;0;0
95;The book of eli ;7.2;The Book of Eli ;Action,Adventure,Drama,Thriller;262656;6.9;53.0;2010.0;1;1;0;0;0;0;1;0;0;0;0;0;0;0;0;0;0;0;1;0;0
96;The night before ;7.2;The Night Before ;Adventure,Comedy,Fantasy;55153;6.4;58.0;2015.0;0;1;0;0;1;0;0;0;1;0;0;0;0;0;0;0;0;0;0;0;0
97;Brothers ;7.1;Brothers ;Drama,War;100531;7.1;58.0;2009.0;0;0;0;0;0;0;1;0;0;0;0;0;0;0;0;0;0;0;0;1;0
98;9 to 5 ;7.1;9 to 5 ;Comedy,contentRating,PG,actor,Person,url,name,Person,url,name,Person,url,name,Person,url,name;23792;6.8;58.0;1980.0;0;0;0;0;1;0;0;0;0;0;0;0;0;0;1;0;0;0;0;0;0
99;Ditto;7.1;Donggam ;Drama,Romance;1682;7.2;;2000.0;0;0;0;0;0;0;1;0;0;0;0;0;0;0;0;0;1;0;0;0;0
100;Ted 2 ;7.0;Ted 2 ;Comedy,contentRating,R,actor,Person,url,name,Person,url,name,Person,url,name,Person,url,name;158452;6.3;48.0;2015.0;0;0;0;0;1;0;0;0;0;0;0;0;0;0;0;1;0;0;0;0;0
101;Mockingjay part 2 ;7.0;The Hunger Games: Mockingjay - Part 2 ;Action,Adventure,Thriller;239083;6.6;65.0;2015.0;1;1;0;0;0;0;0;0;0;0;0;0;0;0;0;0;0;0;1;0;0
102;Sinbad;7.0;Sinbad: Legend of the Seven Seas ;Animation,Adventure,Comedy,Drama,Family,Fantasy,Romance;43099;6.7;48.0;2003.0;0;1;1;0;1;0;1;1;1;0;0;0;0;0;0;0;1;0;0;0;0
103;8 apellidos catalanes ;7.0;Ocho apellidos catalanes ;Comedy,Romance;5268;5.3;;2015.0;0;0;0;0;1;0;0;0;0;0;0;0;0;0;0;0;1;0;0;0;0
104;Black mass ;6.8;Black Mass ;Biography,Crime,Drama;151746;6.9;68.0;2015.0;0;0;0;1;0;1;1;0;0;0;0;0;0;0;0;0;0;0;0;0;0
105;Bright ;6.8;Bright ;Action,Crime,Fantasy,Thriller;138466;6.4;29.0;2017.0;1;0;0;0;0;1;0;0;1;0;0;0;0;0;0;0;0;0;1;0;0
106;बदलाpur ;6.7;Badlapur ;Action,Crime,Drama,Thriller;18251;7.5;;2015.0;1;0;0;0;0;1;1;0;0;0;0;0;0;0;0;0;0;0;1;0;0
107;Ant-man ;6.6;Ant-Man ;Action,Adventure,Comedy,Crime;458906;7.3;64.0;2015.0;1;1;0;0;1;1;0;0;0;0;0;0;0;0;0;0;0;0;0;0;0
108;Star Wars: The Phantom Menace ;6.6;Star Wars: Episode I - The Phantom Menace ;Action,Adventure,Fantasy;633214;6.5;51.0;1999.0;1;1;0;0;0;0;0;0;1;0;0;0;0;0;0;0;0;0;0;0;0
109;Kahaani ;6.5;Kahaani ;Mystery,Thriller;49981;8.2;;2012.0;0;0;0;0;0;0;0;0;0;0;0;0;0;1;0;0;0;0;1;0;0
110;Queen ;6.4;Bohemian Rhapsody ;Biography,Drama,Music;124616;8.4;49.0;2018.0;0;0;0;1;0;0;1;0;0;0;0;1;0;0;0;0;0;0;0;0;0
111;Fast and furious 7 ;6.4;"Fast &amp; Furious 7 ";Action,Crime,Thriller;326954;7.2;67.0;2015.0;1;0;0;0;0;1;0;0;0;0;0;0;0;0;0;0;0;0;1;0;0
112;Jab we met ;6.3;Jab We Met ;Comedy,Drama,Romance;40540;7.9;;2007.0;0;0;0;0;1;0;1;0;0;0;0;0;0;0;0;0;1;0;0;0;0
113;Masaan ;6.2;Masaan ;Drama,actor,Person,url,name,Person,url,name,Person,url,name,Person,url,name;17001;8.1;;2015.0;0;0;0;0;0;0;1;0;0;0;0;0;0;0;0;0;0;0;0;0;0
114;Paper towns ;6.2;Paper Towns ;Comedy,Drama,Mystery,Romance;84641;6.3;56.0;2015.0;0;0;0;0;1;0;1;0;0;0;0;0;0;1;0;0;1;0;0;0;0
115;Justice league ;6.2;Justice League ;Action,Adventure,Fantasy;295096;6.5;45.0;2017.0;1;1;0;0;0;0;0;0;1;0;0;0;0;0;0;0;0;0;0;0;0
116;Pitch perfect 2 ;6.0;Pitch Perfect 2 ;Comedy,Music;125588;6.4;63.0;2015.0;0;0;0;0;1;0;0;0;0;0;0;1;0;0;0;0;0;0;0;0;0
117;Lara croft: tomb raider ;5.9;Lara Croft: Tomb Raider ;Action,Adventure,Fantasy,Thriller;181181;5.8;33.0;2001.0;1;1;0;0;0;0;0;0;1;0;0;0;0;0;0;0;0;0;1;0;0
118;Jupiter ascending ;5.8;Jupiter Ascending ;Action,Adventure;162437;5.3;40.0;2015.0;1;1;0;0;0;0;0;0;0;0;0;0;0;0;0;0;0;0;0;0;0
119;Terminator genesis ;5.4;Terminator Genisys ;Action,Adventure;227144;6.4;38.0;2015.0;1;1;0;0;0;0;0;0;0;0;0;0;0;0;0;0;0;0;0;0;0
120;The age of adeline ;5.0;The Age of Adaline ;Drama,Fantasy,Romance;132492;7.2;51.0;2015.0;0;0;0;0;0;0;1;0;1;0;0;0;0;0;0;0;1;0;0;0;0
121;Insurgent ;4.1;Insurgent ;Action,Adventure,Thriller;192694;6.2;42.0;2015.0;1;1;0;0;0;0;0;0;0;0;0;0;0;0;0;0;0;0;1;0;0
122;Lucy ;3.9;Lucy ;Action,Thriller;389512;6.4;61.0;2014.0;1;0;0;0;0;0;0;0;0;0;0;0;0;0;0;0;0;0;1;0;0
123;Man of tai chi ;3.7;Man of Tai Chi ;Action,Drama;32028;6.1;52.0;2013.0;1;0;0;0;0;0;1;0;0;0;0;0;0;0;0;0;0;0;0;0;0
124;Bahubali ;3.5;Bahubali: The Beginning ;Action,Drama,Fantasy;89650;8.2;;2015.0;1;0;0;0;0;0;1;0;1;0;0;0;0;0;0;0;0;0;0;0;0
125;The post;7.2;The Post ;Biography,Drama,History,Thriller;94432;7.2;83.0;2017.0;0;0;0;1;0;0;1;0;0;1;0;0;0;0;0;0;0;0;1;0;0
126;Get out ;7.4;Get Out ;Horror,Mystery,Thriller;345713;7.7;84.0;2017.0;0;0;0;0;0;0;0;0;0;0;1;0;0;1;0;0;0;0;1;0;0
127;Tomb raider (2018);7.2;Tomb Raider ;Action,Adventure,Fantasy,Thriller;138856;6.4;48.0;2018.0;1;1;0;0;0;0;0;0;1;0;0;0;0;0;0;0;0;0;1;0;0
128;The handmaiden;7.6;Ah-ga-ssi ;Drama,Romance,Thriller;69665;8.1;84.0;2016.0;0;0;0;0;0;0;1;0;0;0;0;0;0;0;0;0;1;0;1;0;0
129;A quiet place ;8.4;A Quiet Place ;Drama,Horror,Mystery,Thriller;232898;7.6;82.0;2018.0;0;0;0;0;0;0;1;0;0;0;1;0;0;1;0;0;0;0;1;0;0
130;Invinity War: part 1;8.0;Avengers: Infinity War ;Action,Adventure,Fantasy;528328;8.5;68.0;2018.0;1;1;0;0;0;0;0;0;1;0;0;0;0;0;0;0;0;0;0;0;0
131;Deadpool 2;8.6;Deadpool 2 ;Action,Adventure,Comedy;305084;7.8;66.0;2018.0;1;1;0;0;1;0;0;0;0;0;0;0;0;0;0;0;0;0;0;0;0
132;Jurassic world: fallen kingdom;7.0;Jurassic World: Fallen Kingdom ;Action,Adventure;175867;6.2;51.0;2018.0;1;1;0;0;0;0;0;0;0;0;0;0;0;0;0;0;0;0;0;0;0
133;The incredibles 2 ;7.6;Incredibles 2 ;Animation,Action,Adventure,Comedy,Family;140300;7.9;80.0;2018.0;1;1;1;0;1;0;0;1;0;0;0;0;0;0;0;0;0;0;0;0;0
134;Game night;7.0;Game Night ;Action,Comedy,Crime,Mystery;129894;7.0;66.0;2018.0;1;0;0;0;1;1;0;0;0;0;0;0;0;1;0;0;0;0;0;0;0
135;Red sparrow;7.3;Red Sparrow ;Action,Drama,Thriller;113748;6.6;53.0;2018.0;1;0;0;0;0;0;1;0;0;0;0;0;0;0;0;0;0;0;1;0;0
136;Tag;6.8;Tag ;Comedy,contentRating,R,actor,Person,url,name,Person,url,name,Person,url,name,Person,url,name;58599;6.6;56.0;2018.0;0;0;0;0;1;0;0;0;0;0;0;0;0;0;0;1;0;0;0;0;0
137;Mission impossible: Fallout;7.8;Mission: Impossible - Fallout ;Action,Adventure,Thriller;170523;7.9;86.0;2018.0;1;1;0;0;0;0;0;0;0;0;0;0;0;0;0;0;0;0;1;0;0
138;Oceans 8;6.9;Ocean's Eight ;Action,Comedy,Crime,Thriller;105972;6.2;61.0;2018.0;1;0;0;0;1;1;0;0;0;0;0;0;0;0;0;0;0;0;1;0;0
139;The darkest minds;7.0;The Darkest Minds ;Thriller;14347;5.6;39.0;2018.0;0;0;0;0;0;0;0;0;0;0;0;0;0;0;0;0;0;0;1;0;0
140;The equalizer 2;7.7;The Equalizer 2 ;Action,Crime,Thriller;56304;6.8;50.0;2018.0;1;0;0;0;0;1;0;0;0;0;0;0;0;0;0;0;0;0;1;0;0
141;Johnny English: Strikes Again;7.3;Johnny English Strikes Again ;Action,Adventure,Comedy;15531;6.5;39.0;2018.0;1;1;0;0;1;0;0;0;0;0;0;0;0;0;0;0;0;0;0;0;0
142;The mechanic;7.8;The Mechanic ;Action,Crime,Thriller;138099;6.6;49.0;2011.0;1;0;0;0;0;1;0;0;0;0;0;0;0;0;0;0;0;0;1;0;0
143;Venom;7.4;Venom ;Action;128570;7.0;35.0;2018.0;1;0;0;0;0;0;0;0;0;0;0;0;0;0;0;0;0;0;0;0;0
144;The Crimes of Grindelwald;7.9;Fantastic Beasts: The Crimes of Grindelwald ;Adventure,Family,Fantasy;61862;7.0;53.0;2018.0;0;1;0;0;0;0;0;1;1;0;0;0;0;0;0;0;0;0;0;0;0
